"Itâ€™s time to get Brexit done and get on with delivering on Britainâ€™s priorities: safer streets, better hospitals anâ€¦ https://t.co/KVJbWzbS1z"
"Today we are announcing Â£200m for new state-of-the-art equipment that will give staff the tools they need to boostâ€¦ https://t.co/JRqxJD6CZN"
"RT @BorisJohnson: We need to get Brexit done so we can move this country forward &amp; focus on our priorities - the NHS, policing &amp; schools. hâ€¦"
"We need to get Brexit done so we can move this country forward &amp; focus on our priorities - the NHS, policing &amp; schoâ€¦ https://t.co/UDtVNG6c8x"
"Itâ€™s time to restore some trust in our democracy and deliver what the people voted for #LeaveOct31 #GetBrexitDone https://t.co/5ap6NcrF6v"
"RT @Conservatives: ğŸ‘ Let's get Brexit done. ğŸ‘

Back Boris: https://t.co/ZkcKvLONpm https://t.co/F57n3VINrl"
"Fantastic news - congratulations! https://t.co/JAvK8o5g4j"
"Jacques Chirac was a formidable political leader who shaped the destiny of his nation in a career that spanned fourâ€¦ https://t.co/CgroFBYZH1"
"We will leave the EU on October 31st, invest more money in the NHS and crack down on violent crime. ğŸ‡¬ğŸ‡§ https://t.co/z1M3o4SuF9"
"RT @BorisJohnson: Itâ€™s time to get Brexit done and move on so that we can invest more in the NHS and our schools and tackle violent crimeâ€¦"
"Itâ€™s time to get Brexit done and move on so that we can invest more in the NHS and our schools and tackle violent câ€¦ https://t.co/9P1Cm4I2rX"
"My heartfelt condolences to the friends and family of Tashan who was sadly killed in a senseless act yesterday.

Thâ€¦ https://t.co/1OAzAsD90t"
"RT @Conservatives: We're launching a Â£200m biodiversity fund to protect habitats of endangered animals such as the black rhino, African eleâ€¦"
"The United Kingdom will stand with other nations in preserving and advancing freedom around the world. ğŸ‡¬ğŸ‡§ #UNGA https://t.co/78shGmFBNL"
"RT @BorisJohnson: We will not be deterred from delivering on the will of the British people to leave the EU ğŸ‡¬ğŸ‡§ #LeaveOct31 https://t.co/2Goâ€¦"
"We will not be deterred from delivering on the will of the British people to leave the EU ğŸ‡¬ğŸ‡§ #LeaveOct31 https://t.co/2Go7ipbUwa"
"RT @10DowningStreet: PM @BorisJohnson is at #UNGA , where he has had meetings with ğŸ‡«ğŸ‡· President @EmmanuelMacron, ğŸ‡©ğŸ‡ª Chancellor Angela Merkeâ€¦"
"Dropped in to meet officials in New York who are helping passengers and holidaymakers affected by Thomas Cook collaâ€¦ https://t.co/I8wy9MALEF"
"RT @Conservatives: ğŸ”µ Only @BorisJohnson and the Conservatives will get Brexit done. No ifs, no buts.

â›”ï¸ All Jeremy Corbyn and Labour can oâ€¦"
"RT @10DowningStreet: On his first day at the UN General Assembly PM @BorisJohnson metÂ ğŸ‡³ğŸ‡¿PM @jacindaardern,ğŸ‡§ğŸ‡ªPM @CharlesMichel and ğŸ‡µğŸ‡°PM @Imrâ€¦"
"RT @transportgovuk: If you have a trip booked with #ThomasCook, visit the dedicated @UK_CAA website here: https://t.co/1amSKPaxuN https://tâ€¦"
"Delighted to raise the new Green Flag in Dowding Park on Friday - well done to all involved in ensuring @Hillingdonâ€¦ https://t.co/rpvnVpb10v"
"We cannot just sit back and watch as priceless endangered species like the African elephant, the black rhino and thâ€¦ https://t.co/gdy1oK1Rbw"
"Britain is a nation of innovators. ğŸ‡¬ğŸ‡§

The Ayrton Fund will back British scientists and our world-leading tech induâ€¦ https://t.co/EGNYCBNQJh"
"RT @Conservatives: The UK economy is growing:

ğŸ’¼ There are a record number of people in full-time jobs 
ğŸ“ˆ Wages have grown by 4% in the lasâ€¦"
"RT @BorisJohnson: Hi folks - here are my priorities for the @UN General Assembly this week #UNGA #TeamUK ğŸ‡¬ğŸ‡§ https://t.co/mQ1fy543lm"
"Hi folks - here are my priorities for the @UN General Assembly this week #UNGA #TeamUK ğŸ‡¬ğŸ‡§ https://t.co/mQ1fy543lm"
"Today Iâ€™m travelling to the @UN General Assembly ğŸŒ

Hereâ€™s why #UNGAÂ  is so important â¬‡ï¸ 
 
#TeamUK ğŸ‡¬ğŸ‡§ https://t.co/E2gaduzKJf"
"Happy #WorldRhinoDay. The UK is committed to doing all we can to save this incredible species from abuse &amp; extinctiâ€¦ https://t.co/ZPeIbq1m2h"
"Good luck to all the players, staff and supporters of England, Scotland, Wales &amp; Ireland who are out in Japan for tâ€¦ https://t.co/Df2w49XcAH"
"RT @Conservatives: ğŸ‡¬ğŸ‡§ We will leave the EU on October 31st. No ifs, no buts.

ğŸ‘ Let's get Brexit done ğŸ‘ https://t.co/ix20x6G9LF"
"We are putting another Â£2.2 billion into defence spending. Thatâ€™s an above inflation increase and will provide crucâ€¦ https://t.co/TS962zuoq9"
"RT @BorisJohnson: ğŸ‡¬ğŸ‡§ We are leaving the EU on October 31st. No ifs, no buts. ğŸ‡¬ğŸ‡§ https://t.co/ksnjLji7Hz"
"Thank you to the members of Uxbridge and South Ruislip Conservative Association for their backing last night - lookâ€¦ https://t.co/paoRrNvLdj"
"Hereâ€™s what Iâ€™ve been up to today in my constituency of Uxbridge and South Ruislip - enjoy! https://t.co/888orkOsaW"
"RT @BorisJohnson: We are putting another Â£2.2 billion into defence spending. Thatâ€™s an above inflation increase and will provide crucial suâ€¦"
"ğŸ‡¬ğŸ‡§ We are leaving the EU on October 31st. No ifs, no buts. ğŸ‡¬ğŸ‡§ https://t.co/ksnjLji7Hz"
"RT @Conservatives: ğŸ’¡ We're excited to announce 12 new renewable projects that will power 7 million homes. ğŸ’¡

While some politicians preferâ€¦"
"We are putting another Â£2.2 billion into defence spending. Thatâ€™s an above inflation increase and will provide crucâ€¦ https://t.co/rmi7dIHh8R"
"RT @BorisJohnson: The Armed Forces represent the best of this country ğŸ‡¬ğŸ‡§ https://t.co/kKkWOqt7C3"
"Today I've been on Salisbury Plain meeting and thanking our fantastic Armed Forces personnel. I am immensely proudâ€¦ https://t.co/RQEX5CXaPF"
"RT @LDLightCav: We were delighted to meet @10DowningStreet today and brief him about what Light Cavalry does, our upcoming commitments nextâ€¦"
"RT @foreignoffice: The UK will host the next @NATO Leadersâ€™ Meeting in December, welcoming the Alliance back to its first home. 

#NATOLondâ€¦"
"The Armed Forces represent the best of this country ğŸ‡¬ğŸ‡§ https://t.co/kKkWOqt7C3"
"RT @Conservatives: ğŸ‡¬ğŸ‡§ @BorisJohnson and the Conservatives are investing an extra Â£2.2 billion in our Armed Forces so they can meet evolvingâ€¦"
"Today I met with military chiefs at 10 Downing Street. Thank you all for the selfless work that you do to protect oâ€¦ https://t.co/uIzV0F9K6G"
"Yesterday I hosted a reception at Downing Street to celebrate military personnel &amp; thank them for the amazing workâ€¦ https://t.co/qgXZ8lcWiX"
"RT @10DowningStreet: Yesterday PM @BorisJohnson hosted a reception at Downing Street to celebrate military personnel, thanking them for theâ€¦"
"Iâ€™ve been PM for 57 days, part of my job is to talk to people on the ground and listen to what they tell me about tâ€¦ https://t.co/X4JijD7FIb"
"RT @BorisJohnson: Itâ€™s time to get Brexit done and get on with delivering on Britainâ€™s priorities: safer streets, better hospitals and imprâ€¦"
"RT @BorisJohnson: The NHS represents a sacred promise between the state and its citizens. We are investing an extra Â£1.8 billion into our Nâ€¦"
"The NHS represents a sacred promise between the state and its citizens. We are investing an extra Â£1.8 billion intoâ€¦ https://t.co/cNqcqGRPoc"
"RT @Conservatives: ğŸ—£ï¸ â€œThereâ€™s people of talent and energy everywhere, but not everybody has the same opportunityâ€ @BorisJohnson

ğŸ« Weâ€™re iâ€¦"
"Itâ€™s time to get Brexit done and get on with delivering on Britainâ€™s priorities: safer streets, better hospitals anâ€¦ https://t.co/0ImfqMTGnT"
"RT @10DowningStreet: â€œThe internet can be an immeasurable force for good, but it can also be used by criminals.

"That is why we are puttinâ€¦"
"RT @Conservatives: âŒ No more delays.

ğŸ‡¬ğŸ‡§ Itâ€™s time to get Brexit done and get on with delivering on Britainâ€™s priorities: safer streets, beâ€¦"
"Weâ€™re recruiting 20,000 police officers. Together we will cut crime, get criminals off the streets and keep peopleâ€¦ https://t.co/1leEJ2Be6K"
"RT @BorisJohnson: We will leave the EU on October 31st - deal or no deal ğŸ‡¬ğŸ‡§ https://t.co/1vlwdrfpkj"
"We will leave the EU on October 31st - deal or no deal ğŸ‡¬ğŸ‡§ https://t.co/1vlwdrfpkj"
"We should be so much more positive about the UK and what we can do. I want us to get this thing done. ğŸ‡¬ğŸ‡§#LeaveOct31 https://t.co/XqLpkizEia"
"RT @BorisJohnson: Hi folks, hereâ€™s an update on what I was up to last week. https://t.co/D9o8KaBEiH"
"RT @10DowningStreet: PM @BorisJohnson met with EU Commission President @JunckerEU and said the UK would be leaving the EU on October 31st wâ€¦"
"Hi folks, hereâ€™s an update on what I was up to last week. https://t.co/D9o8KaBEiH"
"RT @Conservatives: ğŸ‡¬ğŸ‡§ We're focused on the priorities that we all share:

1ï¸âƒ£ Improving our schools.
2ï¸âƒ£ Investing more in our NHS.
3ï¸âƒ£ Recâ€¦"
"RT @10DowningStreet: We're keeping your streets safe, investing in #OurNHS and giving your kids a great education by:

ğŸš” recruiting 20,000â€¦"
"Yesterday I went to Doncaster and Sheffield to talk about how we can level up every corner of the UK with technologâ€¦ https://t.co/VcyLfbFGwR"
"Hi folks - hereâ€™s an update on what Iâ€™ve been doing this week.

ğŸ“º https://t.co/hZ0BnIiGbQ"
"RT @Conservatives: ğŸ‡¬ğŸ‡§ Weâ€™re focused on the priorities that we all share:

1ï¸âƒ£ Improving our schools
2ï¸âƒ£ Investing more in our NHS
3ï¸âƒ£ 20,00â€¦"
"I believe passionately that talent, skill &amp; genius is distributed uniformly across the UK, but opportunity is not.â€¦ https://t.co/uazM4Nuv0G"
"RT @Conservatives: ğŸ‡¬ğŸ‡§ The benefits of Brexit have not been realised.

ğŸ”“ By breaking the Brexit deadlock, we can bring the change that peoplâ€¦"
"Today I am announcing my intention to give the railways of the North back to the people of the North.â€¦ https://t.co/PTL3i7XnNv"
"The referendum result must be respected ğŸ‡¬ğŸ‡§ #LeaveOct31st https://t.co/1e82Z40xyZ"
"Corbynâ€™s #SurrenderBill would mean more pointless brexit delay at the extra cost of Â£250m a week - that's enough toâ€¦ https://t.co/TJJJyz8aLq"
"RT @BorisJohnson: Yesterday I hosted another #PeoplesPMQs
 
Watch the highlights here â¬‡ https://t.co/1h2bPy3oNJ"
"RT @BorisJohnson: The UK is an outward-looking, seafaring, global nation. Weâ€™re going to strengthen the Royal Navy and bring shipbuilding hâ€¦"
"The UK is an outward-looking, seafaring, global nation. Weâ€™re going to strengthen the Royal Navy and bring shipbuilâ€¦ https://t.co/xY3RpzBNof"
"Yesterday I hosted another #PeoplesPMQs
 
Watch the highlights here â¬‡ https://t.co/1h2bPy3oNJ"
"Weâ€™re going to bring shipbuilding back to the UK and strengthen the Royal Navy. 

Today I met with students, cadetsâ€¦ https://t.co/HGgt0jP80K"
"Weâ€™re investing in our NHS, making your streets safer and levelling up schools across the country ğŸ‡¬ğŸ‡§ https://t.co/U2Qr4WS1ek"
"RT @BorisJohnson: We're announcing another 30 free schools for the UK in areas that particularly need them.

We are getting on with our priâ€¦"
"RT @BorisJohnson: Free schools really are fantastic, they drive up achievement by the pupils and we are announcing up to 30 new free schoolâ€¦"
"Domestic abuse shatters lives &amp; tears families apart. We are fully committed to tackling this horrific crime - whicâ€¦ https://t.co/flbEWHbQ4m"
"Britain has a proud history of scientific ingenuity. We're leading work on the worldâ€™s largest genetics research prâ€¦ https://t.co/tSjrOIa1Mi"
"RT @10DowningStreet: WATCH LIVE: Prime Minister @BorisJohnson answers your questions for #PeoplesPMQs https://t.co/hh8ttwfPVm"
"RT @10DowningStreet: ğŸ™ï¸ Get ready for another #PeoplesPMQs at 5pm today.

ğŸ’¬ Put your questions to the PM by commenting on our Facebook pageâ€¦"
"RT @Conservatives: ğŸ—£ï¸ @BorisJohnson: "Corbyn's Surrender Bill would mean more pointless Brexit delay at the extra cost of Â£250m a week - thâ€¦"
"RT @Conservatives: ğŸ“¢ JUST ANNOUNCED:

ğŸ‘©â€ğŸ“ğŸ‘¨â€ğŸ“ International students can now stay in the UK for 2 years after graduating to help them find aâ€¦"
"Free schools really are fantastic, they drive up achievement by the pupils and we are announcing up to 30 new freeâ€¦ https://t.co/AIXqeomdNq"
"We're announcing another 30 free schools for the UK in areas that particularly need them.

We are getting on with oâ€¦ https://t.co/VvlxP5EAzd"
"Corbynâ€™s #SurrenderBill would mean more pointless brexit delay at the extra cost of Â£250m a week - that's enough toâ€¦ https://t.co/V8lZnwU8kX"
"Today I visited @PimlicoPrimary. 

Weâ€™re investing Â£14 billion in primary and secondary schools to make sure everyâ€¦ https://t.co/U15Or8kVME"
"Fantastic jobs news today. Employment is at a record high and wages are up 4% since last year â€“ helping with the coâ€¦ https://t.co/saNCtgKnaQ"
"RT @10DowningStreet: "The 10th of September is a great day to celebrate everything that makes Gibraltar and Gibraltarians such a special paâ€¦"
"Corbyn and his friends in Parliament want to delay Brexit and surrender billions more to Brussels. We cannot allowâ€¦ https://t.co/jH3ojAIDmN"
"RT @CCHQPress: ğŸš¨ New independent job stats out ğŸš¨

ğŸ’· Wages UP 4% - fastest wage growth in over 11 yrs 
ğŸ‘¨â€ğŸ’¼ğŸ‘©â€ğŸ’» Record number of people workinâ€¦"
"We should be so much more positive about the UK and what we can do. I want us to get this thing done. ğŸ‡¬ğŸ‡§#LeaveOct31 https://t.co/sJeNR1FbAG"
"RT @Conservatives: â€œIf the UK is leaving it should leave on 31 Octoberâ€ -  @LeoVaradkar

The Irish PM doesnâ€™t want more pointless delay.
Neâ€¦"
"RT @10DowningStreet: "We must restore the government in Stormont in Northern Ireland, and I promise to work with you on our shared objectivâ€¦"
"RT @10DowningStreet: "I believe there is a deal to be done by October 18th. Letâ€™s do it together." â€“ PM @BorisJohnson meeting Taoiseach @Leâ€¦"
"Letâ€™s come together and get Brexit done on October 31st ğŸ‡¬ğŸ‡§ https://t.co/bSyqXMtZUw"
